index,prediction
0,7 gram
1,180.0 gram
2,180.0 gram
3,180.0 gram
4,180.0 gram
5,180.0 gram
6,180.0 gram
7,7 gram
8,72.0 watt
9,1.59 ounce
10,1.6 gram
11,180.0 gram
12,2.4 gram
13,2.4 gram
14,2.4 gram
15,199.0 gram
16,12.0 volt
17,100.0 gram
18,100.0 gram
19,100.0 gram
20,180.0 gram
21,30.0 kilogram
22,2601 pound
23,7 gram
24,7 gram
25,5.3 gram
26,5.3 gram
27,16.0 gram
28,7 gram
29,25.0 gram
30,1.69 fluid ounce
31,0.22 pound
32,1000.0 kilogram
33,1000.0 kilogram
34,1000.0 kilogram
35,4.0 gram
36,1.59 ounce
37,12.0 volt
38,12.0 volt
39,11.7 gram
40,11.7 gram
41,180.0 gram
42,50.0 watt
43,50.0 watt
44,180.0 gram
45,2.0 gram
46,2.0 gram
47,2.0 gram
48,1.87 pound
49,1.87 pound
50,1.87 pound
51,12.0 volt
52,12.0 volt
53,100.0 millilitre
54,100.0 millilitre
55,26.0 gram
56,200 gram
57,12.0 volt
58,12.0 volt
59,100.0 gram
60,100.0 gram
61,16.0 gram
62,2.4 watt
63,2.4 watt
64,2.4 watt
65,100.0 millilitre
66,250 gram
67,200.0 kilogram
68,0.65 kilogram
69,0.65 kilogram
70,0.65 kilogram
71,200 gram
72,200 gram
73,200 gram
74,150 gram
75,150 gram
76,250 gram
77,250 gram
78,16.0 gram
79,2.4 watt
80,10.0 millilitre
81,0.0 pound
82,12.0 volt
83,10000 milligram
84,16.0 kilogram
85,16.0 kilogram
86,16.0 kilogram
87,13.0 gram
88,13.0 gram
89,13.0 gram
90,54.0 watt
91,180.0 gram
92,450.0 kilogram
93,9.2 pound
94,125.0 gram
95,380.0 gram
96,380.0 gram
97,100.0 gram
98,500.0 gram
99,0.75 watt
100,12.0 volt
101,1.69 fluid ounce
102,35.0 kilogram
103,9.2 pound
104,80.0 kilogram
105,10.0 gram
106,10.0 gram
107,175.0 kilogram
108,1400 milligram
109,35.0 kilogram
110,10.0 watt
111,1400 milligram
112,100 gram
113,100 gram
114,200 gram
115,200 gram
116,250 gram
117,180 gram
118,1.1 pound
119,1.1 pound
120,100 gram
121,900 gram
122,16.0 gram
123,45.0 gram
124,200 gram
125,10 kilogram to 15 kilogram
126,10 kilogram to 15 kilogram
127,180.0 gram
128,30.0 kilogram
129,0.93 kilogram
130,180.0 gram
131,12.0 pound
132,12.0 pound
133,12.0 pound
134,25 kilogram
135,7 gram
136,7 gram
137,12.0 volt
138,30 gram
139,2.7 gram
140,2.7 gram
141,250.0 millilitre
142,200 gram
143,200 gram
144,10 kilogram to 15 kilogram
145,10 kilogram to 15 kilogram
146,10 kilogram to 15 kilogram
147,4.0 ounce
148,9.2 pound
149,9.2 pound
150,16.0 gram
151,180.0 gram
152,150 gram
153,150 gram
154,40.0 gram
155,40.0 gram
156,1.0 kilogram
157,180.0 gram
158,180.0 gram
159,2.4 gram
160,5.0 volt
161,100.0 millilitre
162,175.0 kilogram
163,450.0 kilogram
164,10000 milligram
165,12.0 volt
166,12.0 volt
167,35.0 kilogram
168,8.0 gram
169,8.0 gram
170,250 gram
171,1.69 fluid ounce
172,12.0 volt
173,100 gram
174,100 gram
175,18.55 gram
176,100 gram
177,12.0 volt
178,16.0 kilogram
179,250.0 millilitre
180,250.0 millilitre
181,123.0 gram
182,180.0 gram
183,100 gram
184,100 gram
185,8.0 gram
186,100 gram
187,100 gram
188,150.0 gram
189,150.0 gram
190,62 gram
191,180.0 gram
192,180.0 gram
193,60.0 watt
194,250.0 millilitre
195,180.0 gram
196,180.0 gram
197,14.5 kilogram
198,250.0 gram
199,3.0 gram
200,12.0 pound
201,12.0 pound
202,12.0 pound
203,100 gram
204,100 gram
205,250 gram
206,250 gram
207,180.0 gram
208,1400 milligram
209,123.0 gram
210,2.0 pound
211,1.0 ounce
212,180.0 gram
213,100 gram
214,180.0 gram
215,180.0 gram
216,12.0 volt
217,12.0 volt
218,12.0 volt
219,174.0 gram
220,1.6 gram
221,1.6 gram
222,100 gram
223,169.0 gram
224,12.0 volt
225,12.0 volt
226,4.0 kilogram
227,2.0 gram
228,174.0 gram
229,1.69 fluid ounce
230,1.69 fluid ounce
231,30.0 kilogram
232,30.0 kilogram
233,8.0 gram
234,8.0 gram
235,180.0 gram
236,180.0 gram
237,200.0 kilogram
238,200.0 kilogram
239,1400 milligram
240,1400 milligram
241,250 gram
242,32.0 gram
243,32.0 gram
244,10.0 gram
245,2.4 watt
246,2.4 watt
247,1800.0 milligram
248,180.0 gram
249,7 gram
250,7 gram
251,10.0 watt
252,500.0 gram
253,100 gram
254,12.0 volt
255,10.0 gram
256,10.0 gram
257,10.0 gram
258,100.0 gram
259,100.0 gram
260,35.0 kilogram
261,35.0 kilogram
262,100.0 millilitre
263,180.0 gram
264,180.0 gram
265,150 gram
266,150 gram
267,1400 milligram
268,8.0 gram
269,8.0 gram
270,150 gram
271,150 gram
272,150 gram
273,10000 milligram
274,2.7 gram
275,2.7 gram
276,100 gram
277,4.0 gram
278,4.0 gram
279,100 gram
280,100 gram
281,22.0 gram
282,340.0 gram
283,340.0 gram
284,100.0 watt
285,1.69 fluid ounce
286,1800.0 milligram
287,26.0 gram
288,180.0 gram
289,180.0 gram
290,26.0 gram
291,26.0 gram
292,26.0 gram
293,22.0 gram
294,1.69 fluid ounce
295,1.69 fluid ounce
296,590.0 gram
297,12.0 pound
298,250 gram
299,250 gram
300,10.0 kilogram
301,10 kilogram to 15 kilogram
302,10 kilogram to 15 kilogram
303,10 kilogram to 15 kilogram
304,250.0 millilitre
305,200.0 gram
306,200 gram
307,2.0 ounce
308,1080.0 horsepower
309,14.0 gram
310,14.0 gram
311,180.0 gram
312,200 gram
313,26.0 gram
314,500 gram
315,500 gram
316,500 gram
317,25.0 gram
318,25.0 gram
319,100.0 gram
320,4.0 gallon
321,4.0 gallon
322,180.0 gram
323,12.0 volt
324,12.0 volt
325,3.0 gram
326,3.0 gram
327,5.0 gram
328,5.0 gram
329,5.0 gram
330,12.0 volt
331,100 gram
332,128.0 fluid ounce
333,128.0 fluid ounce
334,1800.0 milligram
335,1800.0 milligram
336,50.0 gram
337,250.0 millilitre
338,250.0 millilitre
339,12.0 volt
340,12.0 volt
341,200.0 gram
342,200 gram
343,200 gram
344,200 gram
345,35.0 kilogram
346,2.4 watt
347,2.4 watt
348,2.4 watt
349,180 gram
350,26.0 gram
351,26.0 gram
352,100 gram
353,100 gram
354,100.0 millilitre
355,8.0 gram
356,8.0 gram
357,150 gram
358,150 gram
359,100 gram
360,250 gram
361,250 gram
362,100 gram
363,1400 milligram
364,180.0 gram
365,180.0 gram
366,180.0 gram
367,180.0 gram
368,500 gram
369,2.4 watt
370,180.0 gram
371,180.0 gram
372,0.65 kilogram
373,20.0 kilogram
374,20.0 kilogram
375,2006.0 gallon
376,1.76 fluid ounce
377,12.0 volt
378,12.0 volt
379,32.0 gram
380,32.0 gram
381,32.0 gram
382,8.0 gram
383,100 gram
384,12.0 volt
385,12.0 volt
386,20.0 gram
387,20.0 gram
388,123.0 gram
389,180.0 gram
390,200 gram
391,180.0 gram
392,180.0 gram
393,10 kilogram to 15 kilogram
394,10 kilogram to 15 kilogram
395,10 kilogram to 15 kilogram
396,1300.0 gram
397,200 gram
398,0 gram
399,0 gram
400,0 gram
401,90.0 microgram
402,1.69 fluid ounce
403,60.0 watt
404,100.0 gram
405,100.0 gram
406,5.0 volt
407,5.0 volt
408,1.59 ounce
409,1.76 fluid ounce
410,1.76 fluid ounce
411,1.76 fluid ounce
412,180.0 gram
413,180.0 gram
414,150 gram
415,150 gram
416,150 gram
417,567.0 gram
418,10.0 gram
419,10.0 gram
420,1400 milligram
421,1080.0 horsepower
422,1080.0 horsepower
423,150.0 gram
424,150.0 gram
425,150.0 gram
426,30.0 watt
427,60.0 watt
428,10.0 millilitre
429,10.0 millilitre
430,12.0 volt
431,180.0 gram
432,1.1 pound
433,1.1 pound
434,1.69 fluid ounce
435,1.69 fluid ounce
436,500.0 gram
437,200 gram
438,200 gram
439,500 gram
440,500 gram
441,0.35 ounce
442,100 gram
443,100 gram
444,100 gram
445,0.41 kilogram
446,0.41 kilogram
447,12.0 volt
448,12.0 volt
449,24.0 gram
450,35.0 kilogram
451,1080.0 horsepower
452,60.0 gram
453,100.0 millilitre
454,15.0 kilogram
455,12.0 volt
456,12.0 volt
457,0.65 kilogram
458,0.65 kilogram
459,180.0 gram
460,180.0 gram
461,340.0 gram
462,340.0 gram
463,340.0 gram
464,72.0 watt
465,72.0 watt
466,15.0 kilogram
467,15.0 milligram
468,1.0 kilogram
469,10.0 gram
470,10.0 gram
471,20.0 kilogram
472,20.0 kilogram
473,20.0 kilogram
474,10.0 kilogram
475,0.65 kilogram
476,0.65 kilogram
477,0.65 kilogram
478,8.0 kilogram
479,35.0 kilogram
480,1400 milligram
481,1400 milligram
482,180.0 gram
483,2006.0 gallon
484,100.0 gram
485,100.0 gram
486,100.0 gram
487,150 gram
488,150 gram
489,150 gram
490,180.0 gram
491,180.0 gram
492,100 gram
493,100 gram
494,100 gram
495,3 kilogram
496,10 kilogram to 15 kilogram
497,10 kilogram to 15 kilogram
498,100.0 gram
499,100.0 gram
500,2.0 ounce
501,100.0 gram
502,200.0 kilogram
503,200.0 kilogram
504,12.0 volt
505,53 ounce
506,24.0 gram
507,24.0 gram
508,100.0 gram
509,100.0 gram
510,180.0 gram
511,180.0 gram
512,340.0 gram
513,180.0 gram
514,16.0 gram
515,5.3 gram
516,14 gram
517,14 gram
518,18.55 gram
519,100 gram
520,100.0 gram
521,100.0 gram
522,9.2 pound
523,180.0 gram
524,100.0 gram
525,100.0 gram
526,100.0 gram
527,8.0 gram
528,7 gram
529,7 gram
530,10.0 gram
531,10.0 gram
532,0.65 kilogram
533,250 gram
534,1.1 pound
535,200.0 gram
536,100 gram
537,0.7 kilogram
538,100.0 gram
539,10.0 kilogram
540,10 kilogram to 15 kilogram
541,30.0 kilogram
542,100.0 gram
543,100.0 gram
544,12.0 volt
545,200 gram
546,200 gram
547,200 gram
548,0.13 pound
549,180.0 gram
550,180.0 gram
551,150 gram
552,150 gram
553,200 gram
554,32.0 gram
555,32.0 gram
556,180.0 gram
557,180.0 gram
558,180.0 gram
559,30.0 watt
560,100 gram
561,13.5 ounce
562,450.0 kilogram
563,450.0 kilogram
564,12.0 pound
565,100.0 gram
566,0 gram
567,0.41 kilogram
568,1.69 fluid ounce
569,100.0 gram
570,100.0 gram
571,10 kilogram to 15 kilogram
572,100 gram
573,20.0 kilogram
574,23.0 gram
575,200 gram
576,20.0 gram
577,12.0 volt
578,12.0 volt
579,180.0 gram
580,180.0 gram
581,12.0 volt
582,12.0 volt
583,30.0 kilogram
584,30.0 kilogram
585,30.0 kilogram
586,100 gram
587,14 kilogram
588,0.0 gram
589,250 gram
590,8.0 watt
591,4.0 gram
592,54.0 watt
593,100.0 gram
594,100.0 gram
595,60.0 watt
596,60.0 watt
597,7 gram
598,7 gram
599,7 gram
600,13.0 gram
601,150 gram
602,3.0 gram
603,180.0 gram
604,12.0 volt
605,12.0 volt
606,12.0 volt
607,13.0 gram
608,13.0 gram
609,180.0 gram
610,180.0 gram
611,180.0 gram
612,180.0 gram
613,180.0 gram
614,2.4 gram
615,100.0 gram
616,100.0 gram
617,10 ounce
618,200 gram
619,200 gram
620,100.0 gram
621,100.0 gram
622,26.0 gram
623,26.0 gram
624,2.4 gram
625,2.4 gram
626,12.0 volt
627,35.0 kilogram
628,35.0 kilogram
629,175.0 kilogram
630,0.41 kilogram
631,30.0 kilogram
632,5.0 volt
633,5.0 volt
634,1.0 ounce
635,1.0 ounce
636,35.0 kilogram
637,12.0 volt
638,100.0 watt
639,200.0 kilogram
640,0 gram
641,0 gram
642,100.0 gram
643,10.0 watt
644,200.0 gram
645,200.0 gram
646,0.65 kilogram
647,0.65 kilogram
648,150 gram
649,335.0 gram
650,128.0 fluid ounce
651,128.0 fluid ounce
652,128.0 fluid ounce
653,10000 milligram
654,2.1 gram
655,25.0 gram
656,25.0 gram
657,2.4 watt
658,180.0 gram
659,12.0 pound
660,12.0 pound
661,150 gram
662,250.0 millilitre
663,250.0 millilitre
664,250.0 millilitre
665,100.0 watt
666,12.0 volt
667,175.0 kilogram
668,175.0 kilogram
669,175.0 kilogram
670,10.0 millilitre
671,175.0 kilogram
672,25.0 gram
673,100 gram
674,100 gram
675,180.0 gram
676,180.0 gram
677,2.4 gram
678,250.0 gram
679,175.0 kilogram
680,2.4 watt
681,2.4 watt
682,100.0 gram
683,100.0 gram
684,100.0 watt
685,1400 milligram
686,22.0 gram
687,180.0 gram
688,250 gram
689,500 gram
690,4.0 ounce
691,0.22 pound
692,123.0 gram
693,35.0 kilogram
694,35.0 kilogram
695,50.0 gram
696,50.0 gram
697,150.0 kilogram
698,567.0 gram
699,180 gram
700,200 gram
701,16.0 gram
702,1.69 fluid ounce
703,1.69 fluid ounce
704,1.69 fluid ounce
705,10.0 millilitre
706,10.0 millilitre
707,180.0 gram
708,12.0 volt
709,12.0 volt
710,180.0 gram
711,7.2 volt
712,60.0 gram
713,18.55 gram
714,18.55 gram
715,18.55 gram
716,200.0 gram
717,8.0 fluid ounce
718,8.0 fluid ounce
719,100.0 millilitre
720,40.0 gram
721,40.0 gram
722,40.0 gram
723,100 gram
724,100 gram
725,0.13 pound
726,200 gram
727,36.0 volt
728,12.0 volt
729,12.0 volt
730,12.0 volt
731,80.0 kilogram
732,80.0 kilogram
733,60.0 watt
734,60.0 watt
735,100 gram
736,100 gram
737,8.0 gram
738,8.0 gram
739,250 gram
740,1400 milligram
741,150 gram
742,150 gram
743,12.0 volt
744,200 gram
745,200 gram
746,24.0 milligram
747,1.1 pound
748,1.1 pound
749,2.1 gram
750,2.1 gram
751,250.0 volt
752,1.69 fluid ounce
753,150 gram
754,150 gram
755,2.4 watt
756,2.4 watt
757,200 gram
758,200 gram
759,200 gram
760,500.0 gram
761,50.0 gram
762,50.0 gram
763,180.0 gram
764,250 gram
765,180.0 gram
766,150 gram
767,150 gram
768,250 gram
769,250 gram
770,250 gram
771,20.0 kilogram
772,20.0 kilogram
773,4.0 ounce
774,42.0 gram
775,42.0 gram
776,42.0 gram
777,1.59 ounce
778,250 gram
779,250 gram
780,30.0 kilogram
781,10.0 kilogram
782,10.0 kilogram
783,99.0 gram
784,8.0 kilogram
785,8.0 kilogram
786,8.0 kilogram
787,23.0 gram
788,15.0 kilogram
789,15.0 kilogram
790,15.0 kilogram
791,200 gram
792,200 gram
793,10.0 gram
794,10.0 gram
795,1.59 ounce
796,266.0 gram
797,266.0 gram
798,266.0 gram
799,100 gram
800,175.0 kilogram
801,175.0 kilogram
802,9.2 pound
803,4.5 gram
804,4.5 gram
805,4.5 gram
806,11 pound
807,12.0 volt
808,42.0 gram
809,42.0 gram
810,42.0 gram
811,100 gram
812,10.0 gram
813,10.0 gram
814,150 gram
815,20.0 kilogram
816,20.0 kilogram
817,20.0 kilogram
818,200 gram
819,1.69 fluid ounce
820,1.69 fluid ounce
821,1.69 fluid ounce
822,250.0 gram
823,250.0 gram
824,100 gram
825,3.0 gram
826,3.0 gram
827,30.0 watt
828,100.0 millilitre
829,10000 milligram
830,1 kilogram
831,100.0 millilitre
832,9.2 pound
833,250 pound
834,32.0 gram
835,32.0 gram
836,120.0 gram
837,120.0 gram
838,120.0 gram
839,35.0 kilogram
840,35.0 kilogram
841,2.0 gram
842,100 gram
843,1500.0 milligram
844,12.0 volt
845,12.0 volt
846,180.0 gram
847,132.0 gram
848,175.0 kilogram
849,100 gram
850,100 gram
851,200 gram
852,123.0 gram
853,128.0 fluid ounce
854,128.0 fluid ounce
855,100.0 gram
856,100.0 gram
857,25 gram
858,128.0 fluid ounce
859,10 kilogram
860,4.0 watt
861,180.0 gram
862,23.0 gram
863,23.0 gram
864,23.0 gram
865,32.0 gram
866,100 gram
867,10 kilogram to 15 kilogram
868,450.0 kilogram
869,1.69 fluid ounce
870,1.69 fluid ounce
871,18.55 gram
872,12.0 pound
873,12.0 pound
874,12.0 volt
875,180.0 gram
876,180.0 gram
877,150 gram
878,250 gram
879,500.0 gram
880,150 gram
881,12.0 volt
882,60.0 watt
883,60.0 watt
884,100 gram
885,23.0 kilogram
886,23.0 kilogram
887,1.87 pound
888,1.87 pound
889,7 gram
890,7 gram
891,7 gram
892,100 gram
893,100 gram
894,800.0 gram
895,2.0 ounce
896,2.0 ounce
897,30.0 kilogram
898,45.0 gram
899,143.0 gram
900,100.0 gram
901,1.69 fluid ounce
902,1.69 fluid ounce
903,24.0 milligram
904,150.0 kilogram
905,150.0 kilogram
906,250.0 millilitre
907,250.0 millilitre
908,250.0 millilitre
909,2601 pound
910,50.0 gram
911,8.0 gram
912,200.0 kilogram
913,200.0 kilogram
914,20.0 gram
915,150.0 kilogram
916,150.0 kilogram
917,200 millilitre
918,26.0 gram
919,200.0 kilogram
920,200.0 kilogram
921,180.0 gram
922,180.0 gram
923,200.0 gram
924,180.0 gram
925,0.709 gram
926,12.0 volt
927,12.0 volt
928,0.65 kilogram
929,0.65 kilogram
930,0.65 kilogram
931,2.4 gram
932,150.0 gram
933,12.0 volt
934,12.0 volt
935,14.0 gram
936,200.0 gram
937,200.0 gram
938,100 gram
939,10 kilogram
940,32.0 gram
941,32.0 gram
942,32.0 gram
943,106.0 gram
944,106.0 gram
945,9.2 pound
946,340.0 gram
947,0.65 kilogram
948,30.0 kilogram
949,30.0 kilogram
950,150 gram
951,150 gram
952,100 gram
953,100 gram
954,250 gram
955,250 gram
956,10.0 kilogram
957,10.0 kilogram
958,8.0 gram
959,8.0 gram
960,90.0 gram
961,90.0 gram
962,1.1 pound
963,1.1 pound
964,1.1 pound
965,150 gram
966,150 gram
967,250 gram
968,250 gram
969,100 gram
970,10.0 gram
971,23.0 kilogram
972,150 gram
973,150 gram
974,150 gram
975,200 gram
976,100.0 gram
977,100.0 gram
978,250 gram
979,3.0 gram
980,128.0 fluid ounce
981,2.4 watt
982,2.4 watt
983,180.0 gram
984,16.0 gram
985,340.0 gram
986,123.0 gram
987,60.0 watt
988,60.0 watt
989,500.0 gram
990,15.0 milligram
991,30 gram
992,30 gram
993,30 gram
994,15.0 kilogram
995,15.0 kilogram
996,200.0 gram
997,100 gram
998,100 gram
999,12.0 volt
